Campaign,Ad Group,Keyword,Match Type,Final URL,Status
US - Search,Best AI Keyboard,best ai keyboard,Exact,https://bestaikeyboard.com/,Enabled
US - Search,Best AI Keyboard,best ai keyboard,Phrase,https://bestaikeyboard.com/,Enabled
US - Search,Best AI Keyboard,best ai keyboard for iphone,Exact,https://bestaikeyboard.com/,Enabled
US - Search,Best AI Keyboard,best ai keyboard for iphone,Phrase,https://bestaikeyboard.com/,Enabled
US - Search,Best AI Keyboard,best ai keyboard app,Phrase,https://bestaikeyboard.com/,Enabled
US - Search,Best AI Keyboard,best ai keyboard app for iphone,Phrase,https://bestaikeyboard.com/,Enabled
US - Search,Best AI Keyboard,top ai keyboard,Phrase,https://bestaikeyboard.com/,Enabled
US - Search,Best AI Keyboard,top ai keyboard for iphone,Phrase,https://bestaikeyboard.com/,Enabled
US - Search,Best AI Keyboard,the best ai keyboard,Phrase,https://bestaikeyboard.com/,Enabled
US - Search,Best AI Keyboard,best ios keyboard with ai,Phrase,https://bestaikeyboard.com/,Enabled
US - Search,Best AI Keyboard,best ai keyboard ios,Phrase,https://bestaikeyboard.com/,Enabled
US - Search,Best AI Keyboard,what is the best ai keyboard for iphone,Phrase,https://bestaikeyboard.com/,Enabled
US - Search,Free AI Keyboard,best free ai keyboard,Exact,https://bestaikeyboard.com/free-ai-keyboard/,Paused
US - Search,Free AI Keyboard,best free ai keyboard,Phrase,https://bestaikeyboard.com/free-ai-keyboard/,Paused
US - Search,Free AI Keyboard,free ai keyboard,Exact,https://bestaikeyboard.com/free-ai-keyboard/,Paused
US - Search,Free AI Keyboard,best free ai keyboard for iphone,Phrase,https://bestaikeyboard.com/free-ai-keyboard/,Paused
US - Search,Free AI Keyboard,best free ai keyboard for ios,Phrase,https://bestaikeyboard.com/free-ai-keyboard/,Paused
US - Search,Free AI Keyboard,free ai keyboard for iphone,Phrase,https://bestaikeyboard.com/free-ai-keyboard/,Paused
US - Search,Free AI Keyboard,best ai keyboard for iphone free,Phrase,https://bestaikeyboard.com/free-ai-keyboard/,Paused
US - Search,WhatsApp Intent,ai keyboard for whatsapp,Phrase,https://bestaikeyboard.com/,Enabled
US - Search,WhatsApp Intent,best ai keyboard for whatsapp,Phrase,https://bestaikeyboard.com/,Enabled
US - Search,WhatsApp Intent,whatsapp ai keyboard,Phrase,https://bestaikeyboard.com/,Enabled
US - Search,WhatsApp Intent,ai keyboard for messages,Phrase,https://bestaikeyboard.com/,Enabled
US - Search,vs Grammarly,grammarly alternative,Phrase,https://bestaikeyboard.com/vs/grammarly/,Enabled
US - Search,vs Grammarly,grammarly keyboard alternative,Phrase,https://bestaikeyboard.com/vs/grammarly/,Enabled
US - Search,vs Grammarly,better than grammarly,Phrase,https://bestaikeyboard.com/vs/grammarly/,Enabled
US - Search,vs Grammarly,grammarly vs ai keyboard,Phrase,https://bestaikeyboard.com/vs/grammarly/,Enabled
US - Search,vs ChatGPT,chatgpt keyboard,Exact,https://bestaikeyboard.com/vs/chatgpt-keyboard/,Enabled
US - Search,vs ChatGPT,chatgpt keyboard,Phrase,https://bestaikeyboard.com/vs/chatgpt-keyboard/,Enabled
US - Search,vs ChatGPT,chatgpt keyboard iphone,Phrase,https://bestaikeyboard.com/vs/chatgpt-keyboard/,Enabled
US - Search,vs ChatGPT,chatgpt in keyboard,Phrase,https://bestaikeyboard.com/vs/chatgpt-keyboard/,Enabled
US - Search,vs Apple Intelligence,apple intelligence alternative,Phrase,https://bestaikeyboard.com/vs/apple-intelligence/,Enabled
US - Search,vs Apple Intelligence,apple intelligence iphone 14,Phrase,https://bestaikeyboard.com/vs/apple-intelligence/,Enabled
US - Search,vs Apple Intelligence,writing tools for iphone 14,Phrase,https://bestaikeyboard.com/vs/apple-intelligence/,Enabled
US - Search,vs CleverType,clevertype alternative,Phrase,https://bestaikeyboard.com/vs/clevertype/,Enabled
US - Search,vs CleverType,clevertype vs,Phrase,https://bestaikeyboard.com/vs/clevertype/,Enabled
US - Search,vs Ghostwriter,ghostwriter ai keyboard,Phrase,https://bestaikeyboard.com/vs/ghostwriter/,Enabled
US - Search,vs Ghostwriter,ghostwriter alternative,Phrase,https://bestaikeyboard.com/vs/ghostwriter/,Enabled
US - Search,Feature - Tone,change tone of message ai,Phrase,https://bestaikeyboard.com/,Enabled
US - Search,Feature - Tone,make message professional ai,Phrase,https://bestaikeyboard.com/,Enabled
US - Search,Feature - Tone,rewrite text professional,Phrase,https://bestaikeyboard.com/,Enabled
US - Search,Feature - Translate,translate keyboard iphone,Phrase,https://bestaikeyboard.com/,Enabled
US - Search,Feature - Translate,ai translation keyboard,Phrase,https://bestaikeyboard.com/,Enabled
US - Search,Feature - Translate,whatsapp translate keyboard,Phrase,https://bestaikeyboard.com/,Enabled
US - Search,Feature - Humanize,humanize ai text,Phrase,https://bestaikeyboard.com/,Enabled
US - Search,Feature - Humanize,humanize chatgpt text iphone,Phrase,https://bestaikeyboard.com/,Enabled
DE - Search,Beste KI Tastatur,beste ki tastatur,Phrase,https://bestaikeyboard.com/de/,Enabled
DE - Search,Beste KI Tastatur,ki tastatur iphone,Phrase,https://bestaikeyboard.com/de/,Enabled
DE - Search,Beste KI Tastatur,ki tastatur für iphone,Phrase,https://bestaikeyboard.com/de/,Enabled
DE - Search,Beste KI Tastatur,ki tastatur kostenlos,Phrase,https://bestaikeyboard.com/de/,Enabled
DE - Search,Beste KI Tastatur,ki tastatur app,Phrase,https://bestaikeyboard.com/de/,Enabled
DE - Search,Beste KI Tastatur,beste ai tastatur iphone,Phrase,https://bestaikeyboard.com/de/,Enabled
DE - Search,ChatGPT Tastatur,chatgpt tastatur,Phrase,https://bestaikeyboard.com/de/vs/chatgpt-keyboard/,Enabled
DE - Search,ChatGPT Tastatur,chatgpt deutsch tastatur,Phrase,https://bestaikeyboard.com/de/vs/chatgpt-keyboard/,Enabled
DE - Search,ChatGPT Tastatur,chat gpt im iphone,Phrase,https://bestaikeyboard.com/de/vs/chatgpt-keyboard/,Enabled
DE - Search,WhatsApp Intent,ki tastatur whatsapp,Phrase,https://bestaikeyboard.com/de/,Enabled
DE - Search,WhatsApp Intent,whatsapp übersetzer tastatur,Phrase,https://bestaikeyboard.com/de/,Enabled
DE - Search,WhatsApp Intent,whatsapp antwort generator,Phrase,https://bestaikeyboard.com/de/,Enabled
DE - Search,Schreibassistent,schreibassistent iphone,Phrase,https://bestaikeyboard.com/de/,Enabled
DE - Search,Schreibassistent,ki schreibhilfe iphone,Phrase,https://bestaikeyboard.com/de/,Enabled
DE - Search,Schreibassistent,grammatik prüfen iphone app,Phrase,https://bestaikeyboard.com/de/,Enabled
DE - Search,vs Grammarly,grammarly alternative deutsch,Phrase,https://bestaikeyboard.com/de/vs/grammarly/,Enabled
DE - Search,vs Grammarly,grammarly deutsch tastatur,Phrase,https://bestaikeyboard.com/de/vs/grammarly/,Enabled
BR - Search,Melhor Teclado IA,melhor teclado ia,Phrase,https://bestaikeyboard.com/pt-br/,Enabled
BR - Search,Melhor Teclado IA,melhor teclado ia iphone,Phrase,https://bestaikeyboard.com/pt-br/,Enabled
BR - Search,Melhor Teclado IA,teclado ia iphone,Phrase,https://bestaikeyboard.com/pt-br/,Enabled
BR - Search,Melhor Teclado IA,teclado com ia,Phrase,https://bestaikeyboard.com/pt-br/,Enabled
BR - Search,Melhor Teclado IA,teclado inteligente iphone,Phrase,https://bestaikeyboard.com/pt-br/,Enabled
BR - Search,Melhor Teclado IA,teclado ia gratis,Phrase,https://bestaikeyboard.com/pt-br/,Enabled
BR - Search,ChatGPT no Teclado,chatgpt no teclado,Phrase,https://bestaikeyboard.com/pt-br/vs/chatgpt-keyboard/,Enabled
BR - Search,ChatGPT no Teclado,ia no teclado,Phrase,https://bestaikeyboard.com/pt-br/vs/chatgpt-keyboard/,Enabled
BR - Search,ChatGPT no Teclado,chat gpt iphone teclado,Phrase,https://bestaikeyboard.com/pt-br/vs/chatgpt-keyboard/,Enabled
BR - Search,WhatsApp Intent,ia no teclado do whatsapp,Phrase,https://bestaikeyboard.com/pt-br/,Enabled
BR - Search,WhatsApp Intent,whatsapp tradutor automatico,Phrase,https://bestaikeyboard.com/pt-br/,Enabled
BR - Search,WhatsApp Intent,resposta automatica whatsapp ia,Phrase,https://bestaikeyboard.com/pt-br/,Enabled
BR - Search,Corretor IA,corretor de texto ia,Phrase,https://bestaikeyboard.com/pt-br/,Enabled
BR - Search,Corretor IA,corretor gramatical iphone,Phrase,https://bestaikeyboard.com/pt-br/,Enabled
BR - Search,Corretor IA,corrigir texto ia,Phrase,https://bestaikeyboard.com/pt-br/,Enabled
FR - Search,Meilleur Clavier IA,meilleur clavier ia,Phrase,https://bestaikeyboard.com/fr/,Enabled
FR - Search,Meilleur Clavier IA,clavier ia iphone,Phrase,https://bestaikeyboard.com/fr/,Enabled
FR - Search,Meilleur Clavier IA,clavier intelligent iphone,Phrase,https://bestaikeyboard.com/fr/,Enabled
FR - Search,Meilleur Clavier IA,clavier ia gratuit,Phrase,https://bestaikeyboard.com/fr/,Enabled
FR - Search,Meilleur Clavier IA,application clavier ia,Phrase,https://bestaikeyboard.com/fr/,Enabled
FR - Search,ChatGPT Clavier,chatgpt dans le clavier,Phrase,https://bestaikeyboard.com/fr/vs/chatgpt-keyboard/,Enabled
FR - Search,ChatGPT Clavier,chatgpt iphone clavier,Phrase,https://bestaikeyboard.com/fr/vs/chatgpt-keyboard/,Enabled
FR - Search,WhatsApp Intent,clavier traducteur whatsapp,Phrase,https://bestaikeyboard.com/fr/,Enabled
FR - Search,WhatsApp Intent,whatsapp réponse ia,Phrase,https://bestaikeyboard.com/fr/,Enabled
FR - Search,Correcteur,correcteur orthographe iphone ia,Phrase,https://bestaikeyboard.com/fr/,Enabled
FR - Search,Correcteur,correcteur grammaire iphone,Phrase,https://bestaikeyboard.com/fr/,Enabled
